{"cameraMode":{"drawMode":0,"name":"Shaded","section":"Shading Mode"},"sceneLighting":true,"audioPlay":false,"sceneViewState":{"m_AlwaysRefresh":false,"showFog":true,"showSkybox":true,"showFlares":true,"showImageEffects":true,"showParticleSystems":true,"showVisualEffectGraphs":true,"m_FxEnabled":false},"in2DMode":false,"pivot":{"x":442.8836364746094,"y":243.32412719726563,"z":40.608978271484378},"rotation":{"x":0.13251061737537385,"y":0.0059513431042432789,"z":-0.0007667415775358677,"w":0.9911978244781494},"size":178.8159942626953,"orthographic":false}